{
    "root_group": {
        "id": "d41d8cd98f00b204e9800998ecf8427e",
        "groups": {},
        "checks": {
                "status is 200": {
                    "path": "::status is 200",
                    "id": "6210a8cd14cd70477eba5c5e4cb3fb5f",
                    "passes": 19,
                    "fails": 56,
                    "name": "status is 200"
                },
                "token exists": {
                    "path": "::token exists",
                    "id": "501d3ab8642eebcf0d59abc7d9aca2c1",
                    "passes": 19,
                    "fails": 56,
                    "name": "token exists"
                }
            },
        "name": "",
        "path": ""
    },
    "metrics": {
        "http_reqs": {
            "count": 75,
            "rate": 6.785003889345163
        },
        "checks": {
            "passes": 38,
            "fails": 112,
            "value": 0.25333333333333335
        },
        "iteration_duration": {
            "avg": 1418.2423533333329,
            "min": 1205.7223,
            "med": 1367.3821,
            "max": 1829.9897,
            "p(90)": 1726.85924,
            "p(95)": 1818.65825
        },
        "http_req_duration": {
            "p(90)": 604.10264,
            "p(95)": 689.9453599999998,
            "avg": 387.82074933333325,
            "min": 204.6682,
            "med": 353.4614,
            "max": 726.9495,
            "thresholds": {
                "p(95)<500": true
            }
        },
        "vus_max": {
            "value": 10,
            "min": 10,
            "max": 10
        },
        "iterations": {
            "count": 75,
            "rate": 6.785003889345163
        },
        "vus": {
            "value": 1,
            "min": 1,
            "max": 10
        },
        "http_req_blocked": {
            "avg": 29.04138933333333,
            "min": 0,
            "med": 0,
            "max": 220.1268,
            "p(90)": 216.45780000000002,
            "p(95)": 218.8074
        },
        "http_req_tls_handshaking": {
            "avg": 20.896546666666662,
            "min": 0,
            "med": 0,
            "max": 180.5641,
            "p(90)": 134.95028000000002,
            "p(95)": 174.45269
        },
        "http_req_sending": {
            "med": 0.4546,
            "max": 3.0175,
            "p(90)": 1.0150000000000001,
            "p(95)": 1.08157,
            "avg": 0.427144,
            "min": 0
        },
        "data_sent": {
            "count": 14470,
            "rate": 1309.0534170509934
        },
        "http_req_duration{expected_response:true}": {
            "avg": 418.79016842105267,
            "min": 218.6174,
            "med": 411.209,
            "max": 609.4238,
            "p(90)": 606.07406,
            "p(95)": 607.79381
        },
        "http_req_waiting": {
            "avg": 385.1006453333333,
            "min": 203.6441,
            "med": 347.0836,
            "max": 726.9495,
            "p(90)": 603.9239600000001,
            "p(95)": 688.6820899999999
        },
        "http_req_connecting": {
            "p(90)": 30.341600000000003,
            "p(95)": 73.74784,
            "avg": 7.031417333333334,
            "min": 0,
            "med": 0,
            "max": 74.544
        },
        "http_req_receiving": {
            "max": 125.3077,
            "p(90)": 1.0692200000000005,
            "p(95)": 2.8068899999999957,
            "avg": 2.2929599999999994,
            "min": 0,
            "med": 0
        },
        "data_received": {
            "count": 90931,
            "rate": 8226.2291821606
        },
        "http_req_failed": {
            "passes": 56,
            "fails": 19,
            "thresholds": {
                "rate<0.1": true
            },
            "value": 0.7466666666666667
        }
    }
}